model_name,calibrated,accuracy,balanced_accuracy,log_loss,brier_score,avg_confidence,avg_correct_confidence,train_rows,test_rows,feature_count,selected_as_best,warnings
logistic_regression,False,0.3651315789473684,0.38141899253010364,1.7144596973888202,0.8999473011281957,0.7258274487181346,0.35964598134856496,297,304,85,False,
logistic_regression,True,0.40131578947368424,0.3875938875938876,1.1153823154258984,0.6778304384601863,0.47692490007609045,0.35232661511468544,297,304,85,False,
random_forest,False,0.5394736842105263,0.48237770459992685,0.986804370515253,0.592221956480477,0.4829190919320646,0.39584370424269544,297,304,85,True,
random_forest,True,0.5361842105263158,0.4678181900404123,0.9877107266187393,0.5904010989446865,0.5217120851345819,0.4099734345989397,297,304,85,False,
gradient_boosting,False,0.4375,0.38177768733324285,1.1697688193730382,0.6912910951854311,0.6572640880369462,0.42412881622140025,297,304,85,False,
gradient_boosting,True,0.46710526315789475,0.3767898767898768,1.1638158392740787,0.6380864994926199,0.5281831415991608,0.3867990172244261,297,304,85,False,
