model_name,calibrated,accuracy,balanced_accuracy,log_loss,brier_score,avg_confidence,avg_correct_confidence,train_rows,test_rows,feature_count,selected_as_best,warnings
logistic_regression,False,0.4865329512893983,0.43645529368952446,1.0799449640275551,0.6382864208223717,0.5984237393398596,0.4224749176911006,3589,1745,86,False,
logistic_regression,True,0.4830945558739255,0.4148752830060567,1.0215048786706022,0.6120775752475169,0.4897920283141315,0.3856001146299809,3589,1745,86,False,
random_forest,False,0.5352435530085959,0.4944410123592083,0.9751601084958316,0.5811479297966429,0.4653075966171046,0.3982230482679483,3589,1745,86,False,
random_forest,True,0.548997134670487,0.48048569640281996,0.9626805493711048,0.5726492610260939,0.5398757839334541,0.4256775859322983,3589,1745,86,True,
gradient_boosting,False,0.5163323782234956,0.44531207617048807,0.9866457595328206,0.589275276283402,0.5448321927801099,0.4189576047911099,3589,1745,86,False,
gradient_boosting,True,0.5214899713467048,0.4403962032741428,0.9981869915838161,0.5964680749266681,0.5038130362232706,0.39775291628638176,3589,1745,86,False,
