model_name,calibrated,accuracy,balanced_accuracy,log_loss,brier_score,avg_confidence,avg_correct_confidence,train_rows,test_rows,feature_count,selected_as_best,warnings
logistic_regression,False,0.43042671614100186,0.3962037858830049,1.1931897960862292,0.7044041002470859,0.5780550902331322,0.38038567469758655,1517,539,86,False,
logistic_regression,True,0.4397031539888683,0.33224387059812444,1.0703527058319904,0.6459985011150089,0.47872854688310634,0.36107064345014556,1517,539,86,False,
random_forest,False,0.4712430426716141,0.43747563970715997,1.0590792009017835,0.6387668011791576,0.42299573325941464,0.35709577399557396,1517,539,86,False,
random_forest,True,0.4489795918367347,0.4186861642928588,1.0538575501269098,0.6350196832238507,0.4726848378042671,0.3714769415186362,1517,539,86,True,
gradient_boosting,False,0.40816326530612246,0.3855007537015905,1.1314925477889421,0.6813584415884045,0.5070377450807673,0.3613682083033919,1517,539,86,False,
gradient_boosting,True,0.4452690166975881,0.3372300409957314,1.0595739185623199,0.6384852083561888,0.46538436754472545,0.36328611987195714,1517,539,86,False,
