model_name,calibrated,accuracy,balanced_accuracy,log_loss,brier_score,avg_confidence,avg_correct_confidence,train_rows,test_rows,feature_count,selected_as_best,warnings
logistic_regression,False,0.4155844155844156,0.3812781464106429,1.1787318400289482,0.6916758117188373,0.5779588911554372,0.3888099588445632,1517,539,86,False,
logistic_regression,True,0.44341372912801486,0.33753527839999253,1.0638945368067658,0.6415663006361343,0.47899204055346045,0.36434761339394606,1517,539,86,False,
random_forest,False,0.4619666048237477,0.4276319682177423,1.0544554139923337,0.634530946367359,0.44864046587842793,0.36420642237550294,1517,539,86,True,
random_forest,True,0.44155844155844154,0.419185814443834,1.0590434646682334,0.6366789449080611,0.47842295063976814,0.3729806514912626,1517,539,86,False,
gradient_boosting,False,0.47866419294990725,0.40871758026569743,1.0944600455435676,0.6508910843603747,0.5475859344043533,0.39205593952379475,1517,539,86,False,
gradient_boosting,True,0.4489795918367347,0.3418959469168674,1.0602096995229155,0.6381685556299991,0.4619151432517013,0.3625187241694992,1517,539,86,False,
