model_name,calibrated,accuracy,balanced_accuracy,log_loss,brier_score,avg_confidence,avg_correct_confidence,train_rows,test_rows,feature_count,selected_as_best,warnings
logistic_regression,False,0.4158415841584158,0.36449797451957694,1.2570281786791841,0.7451393688788193,0.652137593265748,0.39586983752695326,900,303,86,False,
logistic_regression,True,0.4158415841584158,0.34731591996771033,1.0773324992191733,0.6534211017275635,0.4926015998131882,0.36453991984856976,900,303,86,False,
random_forest,False,0.4521452145214521,0.4197431039129788,1.0705770271008948,0.6467002129794228,0.45007716254209335,0.3588300433674918,900,303,86,True,
random_forest,True,0.4521452145214521,0.4080608891195295,1.098519064750676,0.6576665651122817,0.5161772966414256,0.371575079884432,900,303,86,False,
gradient_boosting,False,0.44224422442244227,0.41275616863046416,1.1689245943268072,0.7044634789132669,0.5926131340088441,0.38465836892850025,900,303,86,False,
gradient_boosting,True,0.42244224422442245,0.3610966960733437,1.0947326925895524,0.66054849212655,0.4982271447850674,0.3653685606949482,900,303,86,False,
