model_name,calibrated,accuracy,balanced_accuracy,log_loss,brier_score,avg_confidence,avg_correct_confidence,train_rows,test_rows,feature_count,selected_as_best,warnings
logistic_regression,False,0.34099616858237547,0.3344637285993552,1.5871968086708004,0.8496577479873135,0.6574759542060667,0.3495371476499378,995,522,86,False,
logistic_regression,True,0.3544061302681992,0.30972419691690134,1.2128082807524272,0.6901287520667613,0.47278338095180156,0.3483466693475088,995,522,86,False,
random_forest,False,0.45977011494252873,0.4192792834172274,1.050097269367577,0.6327139778073559,0.42074709829294304,0.3609689361833276,995,522,86,True,
random_forest,True,0.446360153256705,0.3323532584376007,1.1096113126185143,0.6599431087603924,0.5265271929549452,0.3767632110341357,995,522,86,False,
gradient_boosting,False,0.4099616858237548,0.35679827354271015,1.1328379439420018,0.6766978941337691,0.5434294852838505,0.3790173535046846,995,522,86,False,
gradient_boosting,True,0.4540229885057471,0.33802701730284895,1.0863337099905488,0.6546960761190146,0.49899287187340996,0.36567079323496765,995,522,86,False,
