model_name,calibrated,accuracy,balanced_accuracy,log_loss,brier_score,avg_confidence,avg_correct_confidence,train_rows,test_rows,feature_count,selected_as_best,warnings
logistic_regression,False,0.5535714285714286,0.40625,1.7994065400138797,0.6926956496332954,0.8196140556613154,0.5235564248143961,219,56,121,False,Overconfident: avg confidence 0.82 > 0.75
logistic_regression,True,0.5357142857142857,0.375,1.0674831658328034,0.6268085526904594,0.4846023240594996,0.3852599924816341,219,56,121,False,
random_forest,False,0.5,0.4166666666666667,0.9858411276419614,0.5888865832073511,0.4777430037986334,0.39736865277608097,219,56,121,False,
random_forest,True,0.5178571428571429,0.375,1.5357451611146355,0.5898767343923434,0.5487276206715493,0.42907830232528965,219,56,121,False,
gradient_boosting,False,0.48214285714285715,0.3541666666666667,1.1816893195007903,0.6827044117911856,0.7247562552000063,0.46533785180658543,219,56,121,False,
gradient_boosting,True,0.5714285714285714,0.3333333333333333,0.9821590819603553,0.5869605547151904,0.5450098895467815,0.4142266555269631,219,56,121,True,
