model_name,calibrated,accuracy,balanced_accuracy,log_loss,brier_score,avg_confidence,avg_correct_confidence,train_rows,test_rows,feature_count,selected_as_best,warnings
logistic_regression,False,0.5535714285714286,0.40625,1.7978998346144952,0.6926146134832487,0.8196591785813846,0.5235880959980068,219,56,120,False,Overconfident: avg confidence 0.82 > 0.75
logistic_regression,True,0.5178571428571429,0.3333333333333333,1.0659716162438142,0.6257408590676541,0.485284876117821,0.385846218917656,219,56,120,False,
random_forest,False,0.5178571428571429,0.4270833333333333,0.9765500771232497,0.5832799534703436,0.4783151647276469,0.3994564352363623,219,56,120,False,
random_forest,True,0.5357142857142857,0.3958333333333333,0.9695433388503708,0.5798915741923152,0.5567876638543325,0.4358372650775862,219,56,120,True,
gradient_boosting,False,0.5,0.3645833333333333,1.2099735048851312,0.6760274436956228,0.7202675291049552,0.46568276410818804,219,56,120,False,
gradient_boosting,True,0.5714285714285714,0.34375,0.9881916068012394,0.5906549879467196,0.5441912752411666,0.4137304744596409,219,56,120,False,
